[{"recept":"Kolaci so borovinki","sostojki":{"ovseni snegulki":"180gr","banani":2,"puter od kikiriki":"120gr","borovinki":"50gr"}},{"recept1":"Coko-kocki","sostojki":{"puter od kikiriki":"1 solja","kokosovo maslo":"1/3 solja","kakao":"1/4 solja","med":"1/4 solja","eksrakt od vanila":"1 lazicka","morska sol":"1/2 lazicka"}},{"recept2":"Bounty kolaci","sostojki":{"kokosovo brasno":"140gr","kosovo mleko":"3 lazici","kokosovo maslo":"3 lazici","javorov sirup":"2 lazici","crno cokolado":"225gr"}},{"recept3":"Brownie kolaci","sostojki":{"banani":3,"kikiriki ili bademov puter":"120 gr","kakao":"4 lazici","protein vo prav":"1 lazica","med":"1 lazica"}},
{"recept4":"Veganski sladoled","sostojki":{"kokosov krem":"800ml","kakao":"60gr","urmi":"400gr","ekstrakt od vanila":"1 lazicka","bademovo mleko":"120ml"}}]